{"products":[{"id":"0.981211860573969","qty":1}],"totalPrice":7.949999999999989}